<?xml version="1.0" encoding="utf-8"?>
<doctrine-mapping xmlns="http://doctrine-project.org/schemas/orm/doctrine-mapping" xmlns:xsi="http://www.w3.org/2001/XMLSchema-instance" xsi:schemaLocation="http://doctrine-project.org/schemas/orm/doctrine-mapping http://doctrine-project.org/schemas/orm/doctrine-mapping.xsd">
  <entity name="FormCcpucp" table="form_ccpucp">
    <id name="id" type="integer" column="id">
      <generator strategy="IDENTITY"/>
    </id>
    <field name="txtempresa" type="string" column="txtEmpresa" length="255" nullable="false">
      <options>
        <option name="fixed"/>
      </options>
    </field>
    <field name="txtchartfields" type="string" column="txtChartfields" length="255" nullable="false">
      <options>
        <option name="fixed"/>
      </options>
    </field>
    <field name="txtresponsable" type="string" column="txtResponsable" length="255" nullable="false">
      <options>
        <option name="fixed"/>
      </options>
    </field>
    <field name="txtmailresponsable" type="string" column="txtMailResponsable" length="255" nullable="false">
      <options>
        <option name="fixed"/>
      </options>
    </field>
    <field name="txttelresponsable" type="string" column="txtTelResponsable" length="255" nullable="false">
      <options>
        <option name="fixed"/>
      </options>
    </field>
    <field name="txttipevento" type="string" column="txtTipEvento" length="255" nullable="false">
      <options>
        <option name="fixed"/>
      </options>
    </field>
    <field name="txtnameevento" type="string" column="txtNameEvento" length="255" nullable="false">
      <options>
        <option name="fixed"/>
      </options>
    </field>
    <field name="txtdateinicevento" type="string" column="txtDateInicEvento" length="50" nullable="false">
      <options>
        <option name="fixed"/>
      </options>
    </field>
    <field name="txtdatefinevento" type="string" column="txtDateFinEvento" length="50" nullable="false">
      <options>
        <option name="fixed"/>
      </options>
    </field>
    <field name="txtdateinchoraevnt" type="string" column="txtDateIncHoraEvnt" length="50" nullable="false">
      <options>
        <option name="fixed"/>
      </options>
    </field>
    <field name="txtfindatehoraevent" type="string" column="txtFinDateHoraEvent" length="255" nullable="false">
      <options>
        <option name="fixed"/>
      </options>
    </field>
    <field name="txttemas" type="string" column="txtTemas" length="255" nullable="false">
      <options>
        <option name="fixed"/>
      </options>
    </field>
    <field name="txtnombreexpositores" type="string" column="txtNombreExpositores" length="255" nullable="false">
      <options>
        <option name="fixed"/>
      </options>
    </field>
    <field name="cboingresoevento" type="string" column="cboIngresoEvento" length="50" nullable="false">
      <options>
        <option name="fixed"/>
      </options>
    </field>
    <field name="cbosalatipoauditorio" type="string" column="cboSalaTipoAuditorio" length="50" nullable="false">
      <options>
        <option name="fixed"/>
      </options>
    </field>
    <field name="cbodirectorio" type="string" column="cboDirectorio" length="50" nullable="false">
      <options>
        <option name="fixed"/>
      </options>
    </field>
    <field name="cbosalondeclases" type="string" column="cboSalonDeClases" length="50" nullable="false">
      <options>
        <option name="fixed"/>
      </options>
    </field>
    <field name="cbosalamesasu" type="string" column="cboSalaMesasU" length="50" nullable="false">
      <options>
        <option name="fixed"/>
      </options>
    </field>
    <field name="rdoproyector" type="string" column="rdoProyector" length="50" nullable="false">
      <options>
        <option name="fixed"/>
      </options>
    </field>
    <field name="rdopizarra" type="string" column="rdoPizarra" length="50" nullable="false">
      <options>
        <option name="fixed"/>
      </options>
    </field>
    <field name="rdodvd" type="string" column="rdoDVD" length="50" nullable="false">
      <options>
        <option name="fixed"/>
      </options>
    </field>
    <field name="rdomicrofonos" type="string" column="rdoMicrofonos" length="50" nullable="false">
      <options>
        <option name="fixed"/>
      </options>
    </field>
    <field name="rdomesaregistroparticipantes" type="string" column="rdoMesaRegistroParticipantes" length="50" nullable="false">
      <options>
        <option name="fixed"/>
      </options>
    </field>
    <field name="txtcomentario" type="text" column="txtComentario" length="65535" nullable="false">
      <options>
        <option name="fixed"/>
      </options>
    </field>
    <field name="fecha" type="datetime" column="fecha" nullable="false"/>
  </entity>
</doctrine-mapping>
