<?xml version="1.0" encoding="utf-8"?>
<doctrine-mapping xmlns="http://doctrine-project.org/schemas/orm/doctrine-mapping" xmlns:xsi="http://www.w3.org/2001/XMLSchema-instance" xsi:schemaLocation="http://doctrine-project.org/schemas/orm/doctrine-mapping http://doctrine-project.org/schemas/orm/doctrine-mapping.xsd">
  <entity name="User" table="users">
    <id name="id" type="integer" column="id">
      <generator strategy="IDENTITY"/>
    </id>
    <field name="role" type="string" column="role" length="20" nullable="true">
      <options>
        <option name="fixed"/>
      </options>
    </field>
    <field name="name" type="string" column="name" length="255" nullable="true">
      <options>
        <option name="fixed"/>
      </options>
    </field>
    <field name="surname" type="string" column="surname" length="255" nullable="true">
      <options>
        <option name="fixed"/>
      </options>
    </field>
    <field name="email" type="string" column="email" length="255" nullable="true">
      <options>
        <option name="fixed"/>
      </options>
    </field>
    <field name="password" type="string" column="password" length="255" nullable="true">
      <options>
        <option name="fixed"/>
      </options>
    </field>
    <field name="image" type="string" column="image" length="255" nullable="true">
      <options>
        <option name="fixed"/>
      </options>
    </field>
    <field name="createdAt" type="datetime" column="created_at" nullable="true"/>
  </entity>
</doctrine-mapping>
